device_id,dma,dma_code,household_id,household_type,system_type,zipcode
0021becca3ed,Bluefield-Beckley-Oak Hill,559,2835462,FWM-ID,"H,T,V",25832
000000fcfabd,Dallas-Ft. Worth,623,2044073,FWM-ID,"H,T,V",75140
001ac320ea4e,Miami-Ft. Lauderdale,528,3967777,FWM-ID,"T,V",33140
81ba827d5976,Little Rock-Pine Bluff,693,1578312,FWM-ID,H,72032
000003ae0ac9,"Alexandria, LA",644,2130008,FWM-ID,"H,T,V",71302
7500001907ab805,Tyler-Longview(Lfkn&Ncgd),709,3756604,FWM-ID,"H,T,V",75702
000000c1d25a,Austin,635,2010257,FWM-ID,"H,T,V",78634
75000019024c162,Jonesboro,734,2964463,FWM-ID,"H,T,V",72404
000003ae36e5,Jonesboro,734,2201512,FWM-ID,"H,T,V",72401
000013b49474,Austin,635,2265786,FWM-ID,"H,T,V",78633
0000016123e9,"Bend, OR",821,388212,FWM-ID,T,97701
44e08ea4fa97,Raleigh-Durham (Fayetvlle),560,2186827,FWM-ID,"H,T,V",27534
0000025a5795,"Alexandria, LA",644,3135065,FWM-ID,"H,T,V",71360
00000102b8c4,Lubbock,651,2050116,FWM-ID,"H,T,V",79423
10ea59168ba4,Parkersburg,597,2809003,FWM-ID,"H,T,V",45750
a92000190b239ff,"Washington, DC (Hagrstwn)",511,3976323,FWM-ID,"T,V",26753
000002989a08,Sioux Falls(Mitchell),725,1353468,FWM-ID,H,57532
0000038e832e,"Washington, DC (Hagrstwn)",511,4025375,FWM-ID,T,21713
000003a9c640,"Washington, DC (Hagrstwn)",511,4017630,FWM-ID,T,21740
000002976560,Shreveport,612,2168912,FWM-ID,"H,T,V",71457
0000036b6501,Shreveport,612,3118528,FWM-ID,"H,T,V",71037
7500001902565e4,Lubbock,651,3482355,FWM-ID,"H,T,V",79410
000000f155f4,Abilene-Sweetwater,662,2948101,FWM-ID,"H,T,V",79606
0000056f764a,Greenwood-Greenville,647,2377882,FWM-ID,"H,T,V",38703
44e08ed06e71,Philadelphia,504,3882545,FWM-ID,T,18080
000002bbd964,Toledo,547,1505635,FWM-ID,H,43615
000003dc007b,Shreveport,612,3827450,FWM-ID,"H,T,V",71457
0000000ad950,Austin,635,1931068,FWM-ID,"H,T,V",78633
000010f71400,Seattle-Tacoma,819,3597683,FWM-ID,T,98367
00004176fe3a,"Bend, OR",821,398714,FWM-ID,T,97701
8000411d6c94,Baltimore,512,3958080,FWM-ID,"T,V",21903
7460001907376ec,Joplin-Pittsburg,603,3705943,FWM-ID,"H,T,V",64836
0000025259d8,Tyler-Longview(Lfkn&Ncgd),709,2115831,FWM-ID,"H,T,V",75652
000002cfb079,Tyler-Longview(Lfkn&Ncgd),709,2117828,FWM-ID,"H,T,V",75709
0000007349fb,Toledo,547,2876575,FWM-ID,H,43551
000003ae33f5,Houston,618,2325435,FWM-ID,"H,T,V",77301
000000b0d27c,"Bend, OR",821,382965,FWM-ID,T,97759
000003c4f692,Lake Charles,643,2119972,FWM-ID,"H,T,V",70663
800004fa414e,Baltimore,512,3945024,FWM-ID,"T,V",19734
000004a62012,Little Rock-Pine Bluff,693,3001360,FWM-ID,"H,T,V",72023
000003dbfa9c,Amarillo,634,2189131,FWM-ID,"H,T,V",79109
0000014756c2,Sioux Falls(Mitchell),725,1262851,FWM-ID,H,57401
000004b21db4,Cincinnati,515,2902780,FWM-ID,"H,T",45036
44e08eee84f0,Greenville-N.Bern-Washngtn,545,2869355,FWM-ID,"H,T,V",28501
000002974963,Tulsa,671,2332920,FWM-ID,"H,T,V",74401
000004ad4851,Little Rock-Pine Bluff,693,3004324,FWM-ID,"H,T,V",72076
7500001905b1317,Shreveport,612,3333352,FWM-ID,"H,T,V",71112
0000011349a8,Lubbock,651,2066934,FWM-ID,"H,T,V",79407
81ba82b98b70,Little Rock-Pine Bluff,693,1583863,FWM-ID,H,72034
01bcb4ef942c,Sacramnto-Stkton-Modesto,862,3624471,FWM-ID,T,95661
000001011c3f,St. Joseph,638,2000401,FWM-ID,"H,T,V",64506
0000056f70d1,Houston,618,3193102,FWM-ID,"H,T,V",77357
0000412259eb,Tulsa,671,1931896,FWM-ID,"H,T,V",74403
0021beb6f620,Charleston-Huntington,564,2698824,FWM-ID,"H,T,V",41653
750000190340858,Odessa-Midland,633,2481915,FWM-ID,"H,T,V",79705
001ac322a06a,Greenville-N.Bern-Washngtn,545,3304497,FWM-ID,"H,T,V",27889
0000050660e4,Shreveport,612,3017854,FWM-ID,"H,T,V",71753
0000022f752a,Little Rock-Pine Bluff,693,2095256,FWM-ID,"H,T,V",71909
000004bace2e,Sioux Falls(Mitchell),725,1427392,FWM-ID,H,57201
0000024ff025,Lake Charles,643,2957969,FWM-ID,"H,T,V",70663
75000019033f27f,Greenville-N.Bern-Washngtn,545,2822725,FWM-ID,"H,T,V",27858
0000038d39c6,Houston,618,2307615,FWM-ID,"H,T,V",77339
44e08e89ef52,Philadelphia,504,4030751,FWM-ID,T,18088
000002dccf4d,Abilene-Sweetwater,662,2294939,FWM-ID,"H,T,V",79556
10ea592ceff3,Wilkes Barre-Scranton-Hztn,577,64435,FWM-ID,T,18235
000003fa800e,"Springfield, MO",619,2439352,FWM-ID,"H,T,V",65714
44e08edfebd0,Harrisburg-Lncstr-Leb-York,566,3839733,FWM-ID,T,17545
00000265a18b,Little Rock-Pine Bluff,693,1589540,FWM-ID,H,72034
000004f692ba,Houston,618,3024346,FWM-ID,"H,T,V",77302
81ba82b8f968,Little Rock-Pine Bluff,693,1582220,FWM-ID,H,72034
01bcb5801de0,Sacramnto-Stkton-Modesto,862,4470569,FWM-ID,T,95695
0000040151ce,St. Joseph,638,3126404,FWM-ID,"H,T,V",64504
000002c02a28,Abilene-Sweetwater,662,2217315,FWM-ID,"H,T,V",79605
800001088cf4,"Washington, DC (Hagrstwn)",511,4014950,FWM-ID,T,21740
750300190275287,Austin,635,1948715,FWM-ID,"H,T,V",78628
44e08e9259b5,Harrisburg-Lncstr-Leb-York,566,89796,FWM-ID,T,17543
000004d5751a,Tyler-Longview(Lfkn&Ncgd),709,2166156,FWM-ID,"H,T,V",75965
000040c6b678,"Washington, DC (Hagrstwn)",511,4015039,FWM-ID,T,21740
001bd76b1244,Eureka,802,2759223,FWM-ID,"H,T,V",95525
000000fcd192,Abilene-Sweetwater,662,2042452,FWM-ID,"H,T,V",79605
000002cf9af9,Tyler-Longview(Lfkn&Ncgd),709,2236548,FWM-ID,"H,T,V",75701
0000005d8c6b,Toledo,547,1516972,FWM-ID,H,43605
000003fb334b,"Springfield, MO",619,2329775,FWM-ID,"H,T,V",72653
00000009b1c0,"Bend, OR",821,2878358,FWM-ID,T,97702
0021be992b43,Miami-Ft. Lauderdale,528,3964030,FWM-ID,"T,V",33139
0014f8b13bd8,New York,501,45914,FWM-ID,T,18337
7500001902572ee,Lubbock,651,2460744,FWM-ID,"H,T,V",79424
0021be7e4d26,Parkersburg,597,2716564,FWM-ID,"H,T,V",26101
75000019075699f,Charleston-Huntington,564,3215608,FWM-ID,"H,T,V",25177
0021be93d18a,Greenville-N.Bern-Washngtn,545,2817149,FWM-ID,"H,T,V",28501
0000009f4d26,Toledo,547,1493993,FWM-ID,H,43612
000005325cf1,Amarillo,634,2023256,FWM-ID,"H,T,V",88101
000002580b76,Lubbock,651,2124581,FWM-ID,"H,T,V",79423
000010e4cf1f,Sacramnto-Stkton-Modesto,862,3663003,FWM-ID,T,95603
000013fedc1c,"Bend, OR",821,402082,FWM-ID,T,97701
0000014d8c1c,Toledo,547,1444278,FWM-ID,H,43551
750000190420951,Parkersburg,597,2681758,FWM-ID,"H,T,V",45729
0011e6b0b61a,Charleston-Huntington,564,2689971,FWM-ID,"H,T,V",25260
0021bea36d69,Johnstown-Altoona-St Colge,574,3938198,FWM-ID,"T,V",16648
001ac392ad1a,Pittsburgh,508,3908359,FWM-ID,"T,V",15314
000005047b2b,Houston,618,3535335,FWM-ID,"H,T,V",77365
0000025277f7,Tyler-Longview(Lfkn&Ncgd),709,2118395,FWM-ID,"H,T,V",75702
44e08ef7c493,Wilkes Barre-Scranton-Hztn,577,120019,FWM-ID,T,18211
001bd73196a4,Philadelphia,504,3786575,FWM-ID,T,19529
0021be956b0f,Eureka,802,2818702,FWM-ID,"H,T,V",95521
000000e31c22,Sioux Falls(Mitchell),725,3096319,FWM-ID,H,57106
44e08ef7c493,Philadelphia,504,3795650,FWM-ID,T,18080
0021be347ab5,Charleston-Huntington,564,2779598,FWM-ID,"H,T,V",25311
0021be4cda79,Charleston-Huntington,564,3541774,FWM-ID,"H,T,V",25526
00000597ea9b,Phoenix (Prescott),753,2156157,FWM-ID,"H,T,V",86403
00000379928c,Tyler-Longview(Lfkn&Ncgd),709,2552762,FWM-ID,"H,T,V",75904
000003fa54e8,Odessa-Midland,633,2170701,FWM-ID,"H,T,V",79706
0000051f3a93,Phoenix (Prescott),753,3162099,FWM-ID,"H,T,V",86429
001bd72eaf55,Charleston-Huntington,564,2263431,FWM-ID,"H,T,V",25181
000000df4c8c,Amarillo,634,2023973,FWM-ID,"H,T,V",79124
00000033089c,"Bend, OR",821,381351,FWM-ID,T,97702
000000b0f6ca,Toledo,547,1446482,FWM-ID,H,43560
000001fc92ee,Tyler-Longview(Lfkn&Ncgd),709,2605407,FWM-ID,"H,T,V",75785
75030019029bee2,Victoria,626,3524926,FWM-ID,"H,T,V",77901
0021be7570aa,Eureka,802,2804123,FWM-ID,"H,T,V",95503
0000035fda0c,San Angelo,661,2037411,FWM-ID,"H,T,V",76901
0021beaf7577,Greenville-N.Bern-Washngtn,545,3544049,FWM-ID,"H,T,V",27858
0000036f306c,Shreveport,612,2271429,FWM-ID,"H,T,V",71753
000000713957,Toledo,547,3547576,FWM-ID,H,43537
000000bfd352,Detroit,505,1491839,FWM-ID,H,48182
000011d8c0ee,Toledo,547,2877906,FWM-ID,H,43615
7500001904db33f,Tyler-Longview(Lfkn&Ncgd),709,1933376,FWM-ID,"H,T,V",75771
0021be57f960,Charleston-Huntington,564,2706445,FWM-ID,"H,T,V",25306
000002cf16c0,Austin,635,2221925,FWM-ID,"H,T,V",78633
0021bed614dc,Eureka,802,2840211,FWM-ID,"H,T,V",95501
0002de56c2da,Bluefield-Beckley-Oak Hill,559,2690727,FWM-ID,"H,T,V",25832
000003c59743,St. Joseph,638,2342379,FWM-ID,"H,T,V",64503
0001a609a1c6,Charleston-Huntington,564,2657190,FWM-ID,"H,T,V",25309
000003adf17a,Sioux Falls(Mitchell),725,1331024,FWM-ID,H,57104
000002989778,Fargo-Valley City,724,3471022,FWM-ID,H,58201
8000054bbae0,Baltimore,512,3951637,FWM-ID,"T,V",21617
000003f0affb,Lexington,541,1604271,FWM-ID,H,40601
800003b51de3,Baltimore,512,3952113,FWM-ID,"T,V",21619
000003c4f4eb,Dallas-Ft. Worth,623,2340833,FWM-ID,"H,T,V",75703
01bcb4eec02b,Sacramnto-Stkton-Modesto,862,3654666,FWM-ID,T,95648
0021be9fda0d,Charleston-Huntington,564,2651315,FWM-ID,"H,T,V",25526
000013fedb17,"Bend, OR",821,402078,FWM-ID,T,97702
000001e31f3f,"Bend, OR",821,395152,FWM-ID,T,97702
000003adf731,Minot-Bsmrck-Dcknsn(Wlstn),687,1319371,FWM-ID,H,58703
00000597d449,Sacramnto-Stkton-Modesto,862,3598541,FWM-ID,T,95746
0021bef6a926,Raleigh-Durham (Fayetvlle),560,2851758,FWM-ID,"H,T,V",27803
000003c567bf,Lubbock,651,2326528,FWM-ID,"H,T,V",79423
000003e2e99f,Little Rock-Pine Bluff,693,3528525,FWM-ID,"H,T,V",72501
00000276d966,St. Joseph,638,2153106,FWM-ID,"H,T,V",64485
7503001902b4c4a,Odessa-Midland,633,1963670,FWM-ID,"H,T,V",79705
0021be7af0e6,Charleston-Huntington,564,2656472,FWM-ID,"H,T,V",25306
10ea59486f37,Charleston-Huntington,564,3541401,FWM-ID,"H,T,V",25550
01bcb4eea3cf,Sacramnto-Stkton-Modesto,862,3583743,FWM-ID,T,95677
8000007127ea,Erie,516,3928542,FWM-ID,"T,V",16365
0021beb23011,Charleston-Huntington,564,2805993,FWM-ID,"H,T,V",25303
750000190552bfd,San Angelo,661,2602267,FWM-ID,"H,T,V",76903
000000c3bbba,Little Rock-Pine Bluff,693,1581277,FWM-ID,H,72034
10ea59276dcd,New York,501,4030600,FWM-ID,T,18337
750000190801bda,Phoenix (Prescott),753,3448502,FWM-ID,"H,T,V",86442
12bf005d7448,Toledo,547,1466783,FWM-ID,H,43617
0000056952d9,"Washington, DC (Hagrstwn)",511,4020807,FWM-ID,T,21742
44e08efb788c,Wilkes Barre-Scranton-Hztn,577,76089,FWM-ID,T,18355
10ea59183b7e,Miami-Ft. Lauderdale,528,3977388,FWM-ID,"T,V",33139
000015d58d42,Sacramnto-Stkton-Modesto,862,3636573,FWM-ID,T,95695
000003811e07,Kansas City,616,2298827,FWM-ID,"H,T,V",66071
7500001904e35a5,Houston,618,2581036,FWM-ID,"H,T,V",77345
0000038a3b3b,Monroe-El Dorado,628,2423758,FWM-ID,"H,T,V",71235
00000402d11a,Tyler-Longview(Lfkn&Ncgd),709,3143717,FWM-ID,"H,T,V",75771
000005582b9f,San Angelo,661,2004271,FWM-ID,"H,T,V",76905
00000238c2f5,Lubbock,651,2106115,FWM-ID,"H,T,V",79415
0001a6ba67a4,Charleston-Huntington,564,2681428,FWM-ID,"H,T,V",25311
00000649985a,"Bend, OR",821,378864,FWM-ID,T,97756
10ea59276dcd,New York,501,23970,FWM-ID,T,18328
00000563ad95,Tyler-Longview(Lfkn&Ncgd),709,3493239,FWM-ID,"H,T,V",75654
0000016e5fb6,"Bend, OR",821,381361,FWM-ID,T,97759
0021beb7f833,Harrisburg-Lncstr-Leb-York,566,3780409,FWM-ID,T,17522
000005b67df3,Sioux Falls(Mitchell),725,1396688,FWM-ID,H,57501
0021bef1a508,Miami-Ft. Lauderdale,528,3969280,FWM-ID,"T,V",33141
75000019053b341,Lubbock,651,2059872,FWM-ID,"H,T,V",79416
00000026459b,Oklahoma City,650,1947149,FWM-ID,"H,T,V",74074
000005003e65,Amarillo,634,3714805,FWM-ID,"H,T,V",79106
000004b6c3bd,Rapid City,764,3078434,FWM-ID,H,57702
0021be7278c3,Eureka,802,2802369,FWM-ID,"H,T,V",95503
10ea5951751e,Wilkes Barre-Scranton-Hztn,577,39275,FWM-ID,T,18353
75000019033adc4,Greenville-N.Bern-Washngtn,545,2843553,FWM-ID,"H,T,V",28562
0000055faa83,Austin,635,2958891,FWM-ID,"H,T,V",78660
00000024ccc3,"Washington, DC (Hagrstwn)",511,4017578,FWM-ID,T,21783
001bd7563a0a,Charleston-Huntington,564,2715558,FWM-ID,"H,T,V",25177
800003b45276,Baltimore,512,3951576,FWM-ID,"T,V",21617
800000b8301c,"Washington, DC (Hagrstwn)",511,4013228,FWM-ID,T,21740
000005160663,"Washington, DC (Hagrstwn)",511,4029457,FWM-ID,T,21740
0000055fa0d1,Waco-Temple-Bryan,625,2455270,FWM-ID,"H,T,V",77802
44e08eab205c,Charleston-Huntington,564,3215826,FWM-ID,"H,T,V",41260
0000139753a7,"Washington, DC (Hagrstwn)",511,4019647,FWM-ID,T,21722
000003914725,Shreveport,612,2372150,FWM-ID,"H,T,V",71457
7500001905c183f,Tyler-Longview(Lfkn&Ncgd),709,2137180,FWM-ID,"H,T,V",75701
00000149e26b,Lake Charles,643,2087678,FWM-ID,"H,T,V",70663
848400190468d9f,Baltimore,512,3996447,FWM-ID,"T,V",19709
12bf006132b8,Toledo,547,1511907,FWM-ID,H,43460
0000038a3e6d,Minot-Bsmrck-Dcknsn(Wlstn),687,3888410,FWM-ID,H,58701
000000adb4f8,Little Rock-Pine Bluff,693,1577286,FWM-ID,H,72034
001ac337d922,Parkersburg,597,2661453,FWM-ID,"H,T,V",26101
