household_id,household_size,num_adults,num_generations,adult_range,marital_status,race_code,presence_children,num_children,age_children,age_range_children,dwelling_type,home_owner_status,length_residence,home_market_value,num_vehicles,vehicle_make,vehicle_model,vehicle_year,net_worth,income,gender_individual,age_individual,education_highest,occupation_highest,education_1,occupation_1,age_2,education_2,occupation_2,age_3,education_3,occupation_3,age_4,education_4,occupation_4,age_5,education_5,occupation_5,polit_party_regist,polit_party_input,household_clusters,insurance_groups,financial_groups,green_living
02460744,6,5,2,000000000000000010100,M,W,Y,1,0000000000000000000,000000000000000,S,O,7,H,3,15,88,2008,8,D,F,72,2,7,null,null,72,1,7,80,null,null,68,null,null,70,2,null,null,null,043,08O3,02O3,1
01604271,1,1,1,000000000000100000000,S,W,null,null,0000000000000000000,000000000000000,S,O,4,E,1,13,35,2006,6,4,M,54,null,null,null,null,null,null,null,null,null,null,null,null,null,null,null,null,null,null,433,02C3,08C3,null
01931896,5,3,2,000000110000000000000,M,W,Y,2,0100001000000000000,001000001000000,S,O,12,L,2,13,45,2010,7,9,M,40,2,1,2,1,40,2,4,40,3,null,null,null,null,null,null,null,D,D,043,08O3,02O3,1
03780409,2,1,2,000000010000000000000,S,W,Y,1,0000000000000000000,000000000000000,S,O,2,G,null,null,null,null,5,7,F,44,1,5,1,5,null,null,null,null,null,null,null,null,null,null,null,null,null,null,133,05C3,07U3,null
02059872,5,3,3,010000110000000000000,M,W,Y,2,0000000000100001000,000000001001000,S,O,4,J,3,15,60,2012,7,5,F,22,1,null,null,null,44,null,null,22,1,null,null,null,null,null,null,null,null,null,373,05C3,08C3,null
03636573,3,3,2,000000000010000000010,M,A,N,0,0000000000000000000,000000000000000,S,O,15,Q,1,91,48,2014,7,8,F,76,2,8,2,null,46,2,null,76,2,8,null,null,null,null,null,null,null,R,083,09O3,05O3,1
01493993,3,2,2,000010000000000000000,M,W,Y,1,0100000000000000000,010000000000000,S,O,3,C,2,75,28,2005,3,null,F,28,1,null,1,null,null,null,null,null,null,null,null,null,null,null,null,null,V,V,393,03C3,11C3,null
02221925,2,2,1,000000000000000000110,M,W,N,0,0000000000000000000,000000000000000,S,O,12,F,1,33,35,2007,8,8,F,78,1,8,1,A,78,1,8,null,null,null,null,null,null,null,null,null,null,null,283,07C3,04C3,1
03888410,7,6,3,000010000010110000110,M,W,Y,1,0000000000000000000,000000000000000,S,O,0,E,3,33,55,2009,6,4,F,86,1,7,null,null,86,1,7,56,1,4,54,1,4,28,1,null,null,null,363,07C3,04C3,1
01262851,3,2,2,000000100000000000000,S,W,Y,1,0001000000000000000,000100000000000,S,O,7,D,3,27,75,2012,7,8,F,38,2,null,2,4,null,null,null,null,null,null,null,null,null,null,null,null,null,D,133,05C3,07U3,null
03004324,1,1,1,000100000000000000000,B,W,null,null,0000000000000000000,000000000000000,S,null,null,I,null,null,null,null,2,null,M,34,3,7,null,null,null,null,null,null,null,null,null,null,null,null,null,null,null,null,593,13C3,11C3,null
00039275,3,2,2,000000000000000110000,A,W,Y,1,0000000000000000000,000000000000000,S,O,15,G,3,15,78,2011,8,5,M,72,1,7,1,7,72,1,7,null,null,null,null,null,null,null,null,null,null,null,363,07C3,04C3,1
02372150,3,3,1,000000000000010110000,M,W,N,0,0000000000000000000,000000000000000,S,O,9,F,1,27,75,2011,8,8,M,68,1,1,1,1,64,null,null,58,3,2,null,null,null,null,null,null,R,R,503,10R3,10R3,null
00382965,1,1,1,000000000000000100000,null,W,null,null,0000000000000000000,000000000000000,S,null,null,Q,null,null,null,null,5,null,M,70,1,2,null,null,null,null,null,null,null,null,null,null,null,null,null,null,null,D,053,09O3,02O3,null
00402078,1,1,1,000000000000000000010,B,W,null,null,0000000000000000000,000000000000000,M,null,null,O,null,null,null,null,5,null,F,90,null,null,null,null,null,null,null,null,null,null,null,null,null,null,null,null,null,V,643,10R3,10R3,null
01963670,3,2,2,000000100010000000000,M,W,Y,1,0000000000010000000,000000000001000,S,O,9,I,3,17,75,2006,7,8,M,44,3,3,null,3,44,2,7,null,null,null,null,null,null,null,null,null,null,null,273,05C3,07U3,1
01505635,3,2,3,110000000000000100000,M,B,Y,1,0000000000000000000,000000000000000,S,O,13,B,null,null,null,null,6,7,M,66,1,4,null,null,22,null,null,22,null,null,null,null,null,null,null,null,D,D,363,07C3,04C3,null
01582220,6,2,2,000000110000000000000,A,W,Y,4,0001001000001001000,000001001001000,S,O,8,K,2,33,45,2011,8,8,F,40,3,Y,3,Y,40,3,Y,null,null,null,null,null,null,null,null,null,D,D,043,08O3,02O3,1
02189131,6,4,3,100010000000110000000,A,W,Y,2,0000000000000001000,000000000001000,S,O,15,I,2,47,08,2010,7,7,F,26,2,null,2,Y,60,null,null,26,2,null,18,null,null,null,null,null,null,null,173,01C3,01C3,1
02840211,5,4,3,000110000000010100000,M,W,Y,1,0000000000000000000,000000000000000,S,O,15,L,1,91,09,2012,7,B,F,64,3,4,3,8,64,3,4,28,3,null,32,3,null,null,null,null,D,D,073,08O3,02O3,null
03977388,2,2,null,000000000000000000000,null,H,null,null,0000000000000000000,000000000000000,M,null,null,S,1,07,57,2012,null,D,F,null,null,null,null,null,null,null,null,null,null,null,null,null,null,null,null,null,null,null,053,09O3,02O3,null
02877906,2,2,2,000000000100000100000,S,W,null,null,0000000000000000000,000000000000000,S,O,6,C,1,23,81,2003,5,7,M,48,null,null,null,null,66,null,null,null,null,null,null,null,null,null,null,null,null,null,143,01C3,01C3,null
02263431,2,2,1,000000000000110000000,M,W,N,0,0000000000000000000,000000000000000,S,O,15,B,3,15,60,2005,6,7,M,58,1,5,1,5,60,3,7,null,null,null,null,null,null,null,null,null,null,null,153,09O3,06R3,null
04020807,4,3,3,000100000000110000000,M,B,Y,1,0000000000000000000,000000000000000,S,O,15,M,3,67,60,2013,7,D,F,58,1,null,1,2,58,1,null,26,null,null,null,null,null,null,null,null,R,R,013,01C3,01C3,null
02455270,3,2,2,000010000000000000000,S,W,Y,1,0001000000000000000,000001000000000,S,O,9,D,1,33,45,2006,5,6,F,30,2,2,2,2,null,null,null,null,null,null,null,null,null,null,null,null,null,D,133,05C3,07U3,null
00045914,4,1,2,000000000010000000000,S,W,Y,3,0000000000000000000,000000000000000,S,O,15,F,2,45,37,2013,6,C,F,54,2,2,2,2,null,null,null,null,null,null,null,null,null,null,null,null,null,I,073,08O3,02O3,1
02802369,1,1,2,000000010000000000000,S,W,null,null,0000000000000000000,000000000000000,S,O,3,O,null,null,null,null,7,5,F,44,1,null,null,null,null,null,null,null,null,null,null,null,null,null,null,null,null,D,533,04C3,08C3,null
04019647,3,2,2,000000110000000000000,A,W,Y,1,0000000000010000000,000000000001000,S,O,8,K,1,35,05,2009,7,5,M,54,1,Z,null,null,40,null,null,null,null,null,null,null,null,null,null,null,null,null,483,11R3,09C3,null
02119972,3,3,2,100010000100000000000,A,W,N,0,0000000000000000000,000000000000000,S,O,7,I,2,15,78,2012,5,5,M,44,null,null,null,null,34,null,null,24,null,null,null,null,null,null,null,null,D,D,343,12O3,09C3,null
03541774,2,2,1,000010000000000000000,S,W,null,null,0000000000000000000,000000000000000,S,null,1,D,3,47,30,2014,1,null,F,56,null,4,1,null,null,null,null,null,null,null,null,null,null,null,null,null,null,D,583,11R3,09C3,null
04030751,1,1,1,000000000100000000000,null,W,null,null,0000000000000000000,000000000000000,S,O,null,G,null,null,null,null,7,7,F,null,null,null,null,null,null,null,null,null,null,null,null,null,null,null,null,null,null,null,143,01C3,01C3,null
02822725,2,2,1,000000010100000000000,M,W,null,null,0000000000000000000,000000000000000,S,O,4,P,null,null,null,null,7,null,F,40,2,D,null,null,40,null,null,null,null,null,null,null,null,null,null,null,D,D,023,01C3,01C3,null
03951637,5,5,2,000110000000110000110,M,W,N,0,0000000000000000000,000000000000000,S,O,8,K,2,91,66,2006,8,A,F,56,2,A,2,2,56,2,A,30,2,null,32,2,null,76,2,5,null,null,033,01C3,01C3,1
04015039,3,2,2,000000000000010000000,M,W,Y,1,0000000000000000000,000000000000000,S,O,11,I,1,37,25,2002,7,7,F,60,1,8,null,8,null,null,null,null,null,null,null,null,null,null,null,null,D,D,073,08O3,02O3,null
00381351,2,2,1,000000000000000010100,A,W,N,0,0000000000000000000,000000000000000,S,O,8,L,1,27,78,2002,9,5,F,72,1,4,1,5,72,1,4,null,null,null,null,null,null,null,null,null,R,V,493,07C3,04C3,null
01948715,2,2,1,000000000000000110000,M,W,null,null,0000000000000000000,000000000000000,S,O,6,O,3,09,40,2012,9,D,M,70,3,1,3,null,66,null,null,null,null,null,null,null,null,null,null,null,null,null,023,01C3,01C3,null
02137180,1,1,2,000100000000000000000,S,W,null,null,0000000000000000000,000000000000000,S,O,9,F,null,null,null,null,5,null,M,60,3,W,1,null,null,null,null,null,null,null,null,null,null,null,null,null,null,null,393,03C3,11C3,null
02439352,2,1,2,000000010000000000000,S,W,Y,1,0000000000000000000,000000000000000,S,O,9,M,3,45,45,2013,7,B,M,42,null,null,1,null,null,null,null,null,null,null,null,null,null,null,null,null,null,null,013,01C3,01C3,null
01353468,1,1,1,000000000000010000000,S,W,null,null,0000000000000000000,000000000000000,M,O,2,E,1,27,69,2001,6,4,F,64,1,4,1,4,null,null,null,null,null,null,null,null,null,null,null,null,null,null,543,10R3,10R3,null
04029457,2,2,1,000000000000110000000,M,W,N,0,0000000000000000000,000000000000000,S,O,15,F,null,null,null,null,6,7,F,54,null,null,1,5,56,null,null,null,null,null,null,null,null,null,null,null,V,null,553,10R3,12C3,null
02377882,3,3,2,000000010000110000000,S,B,N,0,0000000000000000000,000000000000000,S,O,14,C,2,27,84,2002,6,3,M,62,1,4,1,4,58,1,Y,36,2,4,null,null,null,null,null,null,D,D,443,02C3,08C3,1
01396688,3,3,1,000000000000110000000,M,W,null,null,0000000000000000000,000000000000000,S,O,15,D,null,null,null,null,6,6,M,60,2,1,2,1,60,2,1,null,null,null,null,null,null,null,null,null,null,null,233,09O3,05O3,null
02153106,4,3,3,100000000110000000000,M,W,Y,1,0000000000000000000,000000000000000,S,O,15,C,2,91,27,2002,6,7,M,24,2,null,3,1,50,1,4,24,2,null,null,null,null,null,null,null,V,D,483,11R3,09C3,1
04025375,2,2,1,000000000000000110000,M,W,null,null,0000000000000000000,000000000000000,S,O,15,Q,3,31,60,2013,7,9,F,64,3,5,2,5,64,3,5,null,null,null,null,null,null,null,null,null,R,R,153,09O3,06R3,1
00388212,null,null,null,000000000000000000000,null,null,null,null,0000000000000000000,000000000000000,S,null,null,G,null,null,null,null,null,null,null,null,null,null,null,null,null,null,null,null,null,null,null,null,null,null,null,null,null,null,41G,11RG,09CG,null
03001360,3,2,3,100000000000000000100,S,W,Y,1,0000000000000000000,000000000000000,S,O,12,F,1,27,78,1998,8,3,M,42,2,Z,2,8,20,1,null,null,null,null,null,null,null,null,null,null,D,D,363,07C3,04C3,null
01577286,3,3,1,000000000000000010100,M,W,N,0,0000000000000000000,000000000000000,S,O,15,L,3,27,65,2013,8,8,F,74,2,7,2,8,74,2,7,74,2,7,null,null,null,null,null,null,D,D,093,07C3,04C3,1
03827450,3,2,3,000010000000000010000,S,B,Y,1,0000100000000000000,000001000000000,S,R,1,E,null,null,null,null,2,1,M,66,null,null,2,null,66,2,null,null,null,null,null,null,null,null,null,null,null,null,623,13C3,12C3,null
02166156,3,2,2,000000010000100000000,A,W,Y,1,0000000000000000000,000000000000000,S,O,5,H,3,27,65,2013,7,B,F,44,1,7,2,Z,44,1,7,null,null,null,null,null,null,null,null,null,null,null,073,08O3,02O3,1
01444278,1,1,1,000000000000000100000,S,W,N,0,0000000000000000000,000000000000000,S,O,15,M,null,null,null,null,7,A,M,64,3,Y,3,1,null,null,null,null,null,null,null,null,null,null,null,null,D,D,033,01C3,01C3,null
01947149,3,3,2,000100000000110000000,M,W,N,0,0000000000000000000,000000000000000,S,O,15,G,2,33,05,2005,7,8,M,60,3,2,3,2,56,3,4,30,1,null,null,null,null,null,null,null,D,D,233,09O3,05O3,1
00402082,1,1,1,000000000000000010000,S,W,N,0,0000000000000000000,000000000000000,M,O,2,I,null,null,null,null,8,4,F,66,1,null,1,null,null,null,null,null,null,null,null,null,null,null,null,null,R,R,513,10R3,10R3,null
02809003,2,2,1,000000000010100000000,M,W,N,0,0000000000000000000,000000000000000,S,O,15,G,3,15,78,2012,6,C,M,54,2,1,2,1,52,2,Y,null,null,null,null,null,null,null,null,null,R,R,053,09O3,02O3,1
02050116,6,4,3,000010010000100000000,A,W,Y,2,0010000000000000010,001000000000001,S,O,8,F,3,27,69,2009,7,8,F,32,1,1,1,5,44,1,null,44,1,4,32,1,4,null,null,null,V,null,173,01C3,01C3,null
03162099,1,1,1,000000000100000000000,null,H,null,null,0000000000000000000,000000000000000,M,null,null,Q,1,31,60,2012,3,null,M,44,null,null,null,null,null,null,null,null,null,null,null,null,null,null,null,null,null,null,703,13C3,12C3,null
04017630,7,5,3,000000000110000010100,M,W,Y,2,0000000000000000110,000000000000001,S,O,10,L,3,47,30,2013,8,A,F,44,1,7,1,5,74,1,7,50,1,4,44,1,7,44,2,Y,R,null,043,08O3,02O3,null
02332920,1,1,1,000000000000000000010,S,W,N,0,0000000000000000000,000000000000000,S,R,15,C,null,null,null,null,6,1,F,90,2,1,2,1,null,null,null,null,null,null,null,null,null,null,null,null,null,null,663,07C3,04C3,1
04013228,3,3,2,000000000100000010000,M,W,N,0,0000000000000000000,000000000000000,M,R,8,H,1,27,69,2004,3,1,F,66,1,7,1,C,66,1,7,null,null,null,null,null,null,null,null,null,null,R,703,13C3,12C3,1
02657190,2,2,1,000000000000110000000,M,W,null,null,0000000000000000000,000000000000000,S,O,5,F,2,15,32,2001,6,8,F,58,1,4,1,4,58,1,4,null,null,null,null,null,null,null,null,null,V,V,153,09O3,06R3,null
03705943,1,1,null,000000000000000000000,null,W,null,null,0000000000000000000,000000000000000,S,null,null,D,null,null,null,null,null,null,M,null,1,null,1,null,null,null,null,null,null,null,null,null,null,null,null,null,null,null,703,13C3,12C3,null
02876575,3,2,3,100000000010000000000,A,W,Y,1,0000000000000000000,000000000000000,S,O,2,L,3,45,35,2012,7,D,M,22,2,null,2,2,22,1,null,null,null,null,null,null,null,null,null,null,R,D,073,08O3,02O3,null
02805993,2,2,2,000010000001000000000,S,W,null,null,0000000000000000000,000000000000000,S,O,null,C,null,null,null,null,3,6,M,44,2,3,1,null,44,null,null,null,null,null,null,null,null,null,null,null,null,null,273,05C3,07U3,1
02902780,null,null,null,000000000000000000000,null,null,null,null,0000000000000000000,000000000000000,null,null,null,null,null,null,null,null,null,null,null,null,null,null,null,null,null,null,null,null,null,null,null,null,null,null,null,null,null,null,62G,13CG,12CG,null
03304497,5,3,2,000000110000000000000,A,W,Y,2,0000000100100000000,000000001001000,S,O,6,C,3,23,81,2012,5,C,M,68,1,1,1,Z,36,1,Z,null,null,null,null,null,null,null,null,null,D,D,073,08O3,02O3,null
03928542,2,2,1,000000000000100010000,M,W,N,0,0000000000000000000,000000000000000,S,O,15,G,1,15,88,2009,6,B,F,68,3,Y,1,5,68,3,Y,null,null,null,null,null,null,null,null,null,V,V,153,09O3,06R3,1
02042452,3,2,2,000000000000000110000,A,W,Y,1,0000000000000000000,000000000000000,S,O,3,H,2,27,84,2006,8,4,M,46,2,3,null,null,66,1,4,null,null,null,null,null,null,null,null,null,null,null,363,07C3,04C3,null
03448502,1,1,1,000000000000000010000,null,H,null,null,0000000000000000000,000000000000000,M,null,null,E,null,null,null,null,5,null,F,72,null,null,null,null,null,null,null,null,null,null,null,null,null,null,null,null,null,null,653,10R3,10R3,null
01583863,5,4,3,010000000010100000000,A,W,Y,1,0000000000000000000,000000000000000,S,O,5,M,3,11,13,2012,7,7,F,18,1,null,2,1,48,2,4,18,1,null,18,1,null,null,null,null,D,V,043,08O3,02O3,null
02689971,4,3,2,000000000010100000000,A,W,Y,1,0000000000000000000,000000000000000,S,O,15,A,3,91,09,2005,6,D,M,56,2,2,2,2,52,3,Y,null,null,null,null,null,null,null,null,null,V,D,073,08O3,02O3,null
03024346,2,2,2,000000010000000110000,M,W,N,0,0000000000000000000,000000000000000,S,O,8,H,2,91,48,2011,7,8,F,64,3,2,3,1,64,3,2,44,2,null,null,null,null,null,null,null,null,D,083,09O3,05O3,1
01466783,3,2,2,000000000000000000110,M,W,Y,1,0000000000000000000,000000000000000,S,O,15,E,1,45,45,2008,6,7,F,76,1,5,1,8,76,1,5,null,null,null,null,null,null,null,null,null,D,D,363,07C3,04C3,null
02066934,1,1,null,000000000000000000000,null,B,null,null,0000000000000000000,000000000000000,S,null,null,A,null,null,null,null,null,null,F,24,1,null,null,null,null,null,null,null,null,null,null,null,null,null,null,null,null,null,593,13C3,11C3,null
03654666,3,3,2,000000100000000010100,M,W,N,0,0000000000000000000,000000000000000,S,O,9,Q,1,27,69,2013,9,A,F,70,2,3,2,4,70,2,3,36,3,Y,null,null,null,null,null,null,V,null,093,07C3,04C3,1
03945024,3,3,2,000000000000000110010,M,W,N,0,0000000000000000000,000000000000000,S,O,13,L,1,93,40,2010,9,B,F,68,3,1,null,2,68,3,1,99,null,null,null,null,null,null,null,null,I,D,033,01C3,01C3,1
02106115,9,6,3,000000110100110000100,M,H,Y,3,0000000000000000000,000000000000000,S,O,15,C,3,91,66,2007,6,3,M,20,1,null,1,5,58,1,5,50,1,5,40,null,null,36,1,1,null,null,383,05C3,08C3,null
02117828,2,2,1,000000000010100000000,M,W,N,0,0000000000000000000,000000000000000,S,O,9,A,3,49,22,2011,6,8,M,22,2,null,1,4,64,1,4,null,null,null,null,null,null,null,null,null,null,null,153,09O3,06R3,null
00076089,3,3,3,000000100000000110000,S,W,null,null,0000000000000000000,000000000000000,S,O,15,H,1,27,84,2009,8,7,M,34,2,null,1,Z,66,2,Y,34,2,null,null,null,null,null,null,null,D,V,363,07C3,04C3,1
02342379,1,1,1,000000000000000000010,A,W,N,0,0000000000000000000,000000000000000,S,O,15,E,null,null,null,null,6,3,F,82,1,8,1,8,null,null,null,null,null,null,null,null,null,null,null,null,V,V,493,07C3,04C3,null
02651315,2,2,1,000000000000000110000,M,W,N,0,0000000000000000000,000000000000000,S,O,15,E,3,93,17,2012,8,D,F,64,1,1,1,4,64,1,5,null,null,null,null,null,null,null,null,null,D,null,053,09O3,02O3,1
03969280,2,2,1,000000100000000000000,S,W,null,null,0000000000000000000,000000000000000,M,O,7,J,null,null,null,null,null,4,M,38,null,null,null,null,null,null,null,null,null,null,null,null,null,null,null,null,null,null,293,06U3,07U3,null
02201512,5,5,3,000100000000110000000,A,W,null,null,0000000000000000000,000000000000000,S,R,3,H,3,27,39,2003,5,2,M,26,1,null,null,null,58,2,Y,32,1,null,26,1,null,null,null,null,D,V,383,05C3,08C3,null
02023973,3,2,3,100000000000100000000,S,W,Y,1,0000000000000000000,000000000000000,S,R,15,G,3,75,28,2006,4,5,F,32,2,Z,null,null,22,null,null,null,null,null,null,null,null,null,null,null,null,null,533,04C3,08C3,null
01578312,1,1,1,000000000000000010000,S,W,N,0,0000000000000000000,000000000000000,S,O,9,E,3,27,96,2000,6,4,F,64,1,1,1,1,null,null,null,null,null,null,null,null,null,null,null,null,V,D,443,02C3,08C3,null
04014950,2,2,1,000000000010000000000,M,W,null,null,0000000000000000000,000000000000000,M,O,0,D,null,null,null,null,7,B,F,82,3,5,3,null,null,null,null,null,null,null,null,null,null,null,null,null,null,null,053,09O3,02O3,null
01427392,2,2,1,000000000000000000110,M,W,null,null,0000000000000000000,000000000000000,S,O,15,H,1,91,51,2008,6,3,M,78,null,2,null,2,76,null,4,null,null,null,null,null,null,null,null,null,V,V,493,07C3,04C3,null
02325435,2,2,null,000000000000000000000,null,B,null,null,0000000000000000000,000000000000000,S,O,0,C,null,null,null,null,4,null,M,null,null,null,null,null,null,null,null,null,null,null,null,null,null,null,null,null,null,null,563,04C3,12C3,null
02957969,2,1,2,000000000000000010000,S,W,Y,1,0000000000000000000,000000000000000,S,O,11,G,1,27,69,2010,6,B,F,72,1,null,null,null,null,null,null,null,null,null,null,null,null,null,null,null,D,D,133,05C3,07U3,null
02130008,4,3,3,000000100000010000110,S,B,Y,1,0000000000000000000,000000000000000,S,O,15,C,null,null,null,null,6,4,F,58,1,1,null,null,88,null,null,38,1,4,58,1,null,null,null,null,null,D,363,07C3,04C3,null
02706445,1,1,null,000000000000000000000,B,W,null,null,0000000000000000000,000000000000000,S,null,null,B,null,null,null,null,null,null,F,30,2,4,null,null,null,null,null,null,null,null,null,null,null,null,null,null,null,null,603,11R3,09C3,null
02759223,1,1,null,000000000000000000000,null,W,null,null,0000000000000000000,000000000000000,null,null,null,I,null,null,null,null,null,null,F,null,null,null,null,null,null,null,null,null,null,null,null,null,null,null,null,null,null,null,653,10R3,10R3,null
02298827,6,6,2,000000110000110000010,M,W,N,0,0000000000000000000,000000000000000,S,O,7,C,1,23,60,2005,5,A,M,32,1,null,1,null,34,1,null,56,1,null,60,1,4,60,1,null,V,null,183,12O3,03O3,null
00398714,3,3,2,010000000010100000000,M,W,N,0,0000000000000000000,000000000000000,S,O,3,Q,null,null,null,null,8,A,F,50,1,1,1,1,50,1,1,22,2,null,null,null,null,null,null,null,R,V,023,01C3,01C3,null
01331024,3,3,1,000000000000000010100,M,W,N,0,0000000000000000000,000000000000000,S,O,15,H,2,33,05,2006,6,6,F,72,null,5,1,8,72,null,5,null,null,null,null,null,null,null,null,null,V,V,283,07C3,04C3,1
02817149,3,3,1,000000000000000000110,M,W,N,0,0000000000000000000,000000000000000,S,O,7,J,3,13,70,2010,8,8,F,82,1,null,2,8,82,1,null,82,1,7,null,null,null,null,null,null,D,R,093,07C3,04C3,1
00395152,4,4,2,000000110000000110000,M,W,N,0,0000000000000000000,000000000000000,S,O,11,N,null,null,null,null,7,6,F,44,2,Y,null,null,42,null,null,72,null,1,68,null,1,null,null,1,null,null,463,04C3,08C3,null
03143717,2,2,1,000000000000000010100,A,W,N,0,0000000000000000000,000000000000000,S,O,6,I,1,15,84,2011,6,7,F,74,2,Y,1,4,74,2,Y,null,null,null,null,null,null,null,null,null,D,D,253,09O3,05O3,1
02004271,1,1,null,000000000000000000000,null,W,null,null,0000000000000000000,000000000000000,S,null,null,C,3,23,81,2014,null,null,M,null,null,null,null,null,null,null,null,null,null,null,null,null,null,null,null,null,null,null,673,03C3,11C3,null
02326528,4,2,3,000000000010000000100,M,W,Y,2,0000000000000000000,000000000000000,S,O,1,I,1,15,78,2003,7,5,M,54,1,2,null,null,76,null,null,null,null,null,null,null,null,null,null,null,null,R,383,05C3,08C3,null
02715558,4,4,2,000100000000110000000,A,W,N,0,0000000000000000000,000000000000000,S,O,15,D,3,15,null,1999,6,4,M,32,2,3,4,8,60,4,2,32,4,5,60,4,null,null,null,null,D,D,553,10R3,12C3,1
00023970,2,2,1,000000000100000000000,M,W,null,null,0000000000000000000,000000000000000,S,O,11,F,null,null,null,null,5,A,M,66,null,1,1,4,null,null,null,null,null,null,null,null,null,null,null,null,null,R,343,12O3,09C3,null
02835462,5,4,2,000110100000000000000,M,W,Y,1,0000000000000000000,000000000000000,S,O,5,M,1,15,56,2009,7,3,M,26,1,null,1,null,28,null,null,26,1,null,null,null,null,null,null,null,null,null,373,05C3,08C3,null
04030600,1,1,1,000000000000100000000,B,W,null,null,0000000000000000000,000000000000000,S,O,1,F,null,null,null,null,7,null,M,58,1,7,null,null,null,null,null,null,null,null,null,null,null,null,null,null,null,D,053,09O3,02O3,null
02236548,2,2,1,000000010100000000000,M,W,N,0,0000000000000000000,000000000000000,S,O,12,D,1,15,28,2000,5,5,F,44,1,4,1,4,44,1,4,null,null,null,null,null,null,null,null,null,null,null,313,09O3,06R3,null
03976323,3,2,2,000000010000000000000,M,W,Y,1,0010000000000000000,010000000000000,S,null,null,G,null,null,null,null,2,null,M,38,1,7,null,null,null,null,null,null,null,null,null,null,null,null,null,null,null,D,623,13C3,12C3,1
02044073,2,2,1,000000000000000000110,A,W,N,0,0000000000000000000,000000000000000,S,O,15,E,2,31,01,2007,6,7,F,86,2,null,3,null,86,null,null,null,null,null,null,null,null,null,null,null,D,null,283,07C3,04C3,1
02581036,4,3,2,000000110100000000000,M,W,Y,1,0000000000001000000,000000000001000,S,O,11,M,3,33,35,2003,7,D,M,44,2,W,2,W,44,2,W,42,2,D,null,null,null,null,null,null,R,R,013,01C3,01C3,null
01931068,2,2,2,000010000000000110000,A,W,null,null,0000000000000000000,000000000000000,S,O,6,L,3,23,69,2013,8,B,F,32,3,Y,3,Y,66,2,W,32,1,null,null,null,null,null,null,null,null,null,093,07C3,04C3,null
02115831,5,2,2,000000000110000000000,M,H,Y,3,0000000000000000000,000000000000000,S,O,15,E,2,89,05,2004,6,5,F,52,null,null,1,5,52,null,null,null,null,null,null,null,null,null,null,null,D,null,383,05C3,08C3,1
03786575,5,4,3,000110000000010010000,M,W,Y,1,0000100000000000000,000001000000000,S,O,15,I,1,27,83,2002,7,4,F,28,1,7,1,9,28,1,7,58,2,4,66,2,4,null,null,null,D,null,343,12O3,09C3,null
03951576,4,3,3,000000010000110000000,M,W,Y,1,0000000000000001000,000000000001000,S,O,7,N,2,57,76,1996,8,D,M,62,1,C,1,C,60,null,null,38,null,null,null,null,null,null,null,null,null,null,013,01C3,01C3,null
01516972,1,1,2,000000010000000000000,null,B,null,null,0000000000000000000,000000000000000,S,null,null,C,null,null,null,null,2,null,F,42,null,null,null,null,null,null,null,null,null,null,null,null,null,null,null,null,V,V,623,13C3,12C3,null
03544049,1,1,1,000010000000000000000,B,W,null,null,0000000000000000000,000000000000000,S,null,null,E,null,null,null,null,1,8,F,28,null,null,null,null,null,null,null,null,null,null,null,null,null,null,null,null,V,V,243,06U3,07U3,null
02818702,3,3,1,000000000000000000110,M,W,null,null,0000000000000000000,000000000000000,S,O,15,K,2,15,78,2007,8,9,M,78,1,null,1,null,76,null,null,78,1,null,null,null,null,null,null,null,V,V,283,07C3,04C3,null
02552762,1,1,null,000000000000000000000,null,W,null,null,0000000000000000000,000000000000000,M,null,null,D,null,null,null,null,null,null,M,82,1,8,null,null,null,null,null,null,null,null,null,null,null,null,null,null,null,null,703,13C3,12C3,null
00381361,2,2,null,000000000000000000000,null,W,null,null,0000000000000000000,000000000000000,null,null,null,L,null,null,null,null,null,null,M,70,3,7,null,null,null,null,null,null,null,null,null,null,null,null,null,null,null,D,093,07C3,04C3,null
04470569,2,2,null,000000000000000000000,S,H,null,null,0000000000000000000,000000000000000,S,O,1,N,null,null,null,null,7,4,M,null,null,null,null,null,null,null,null,null,null,null,null,null,null,null,null,null,null,null,513,10R3,10R3,null
01511907,7,6,3,100010000110000000100,M,W,Y,1,0000000000000001000,000000000001000,S,O,15,G,3,45,35,2010,6,9,M,20,1,null,2,4,50,2,Y,78,null,null,20,1,null,24,1,null,D,V,073,08O3,02O3,null
02186827,5,4,3,100000000000110100000,S,W,Y,1,0000000000000000000,000000000000000,S,O,15,K,3,11,13,2011,7,D,M,null,null,null,3,null,56,3,Y,64,null,null,20,null,null,null,null,null,D,null,073,08O3,02O3,1
02661453,5,4,3,000000100000110000000,M,W,Y,1,0000000000000000000,000000000000000,S,O,15,C,3,23,81,2005,6,5,M,36,2,5,null,7,60,1,2,36,1,5,null,null,null,null,null,null,null,null,383,05C3,08C3,1
02804123,1,1,1,000000000000000010000,S,W,null,null,0000000000000000000,000000000000000,S,O,13,H,null,null,null,null,8,1,F,72,1,1,null,null,null,null,null,null,null,null,null,null,null,null,null,null,null,D,653,10R3,10R3,null
02779598,6,6,2,110000000110000000000,M,W,N,0,0000000000000000000,000000000000000,S,O,8,F,3,37,15,2010,5,8,F,18,1,null,1,8,46,1,3,48,null,null,22,1,null,18,1,null,null,null,223,09O3,03O3,null
03535335,1,1,2,000000000100000000000,S,W,null,null,0000000000000000000,000000000000000,S,O,2,G,3,15,78,2009,7,8,M,74,3,null,null,null,null,null,null,null,null,null,null,null,null,null,null,null,R,R,133,05C3,07U3,null
02170701,2,2,null,000000000000000000000,null,H,null,null,0000000000000000000,000000000000000,null,null,null,B,null,null,null,null,null,null,F,null,null,null,null,null,null,null,null,null,null,null,null,null,null,null,null,null,null,null,633,13C3,12C3,null
03908359,3,1,2,000000000010000000000,S,W,Y,2,0000001000001000000,000000001001000,S,O,8,B,null,null,null,null,5,2,F,46,2,2,2,4,null,null,null,null,null,null,null,null,null,null,null,null,null,null,533,04C3,08C3,null
02156157,3,2,2,000000000000010100000,M,W,Y,1,0000000001000000000,000000001000000,S,O,13,N,3,31,60,2009,8,8,F,64,null,2,1,8,64,2,8,null,null,null,null,null,null,null,null,null,V,null,043,08O3,02O3,null
02037411,4,4,2,000000000100010000110,A,H,N,0,0000000000000000000,000000000000000,S,O,15,D,3,11,20,2007,6,4,M,84,1,5,1,5,80,2,8,46,null,null,58,3,1,54,null,null,V,V,493,07C3,04C3,null
01933376,4,4,2,000100000110000000100,M,W,N,0,0000000000000000000,000000000000000,S,O,5,H,3,15,82,2013,7,D,F,24,2,null,3,Y,50,2,1,26,2,null,92,null,null,null,null,null,null,null,053,09O3,02O3,1
03958080,5,5,2,000000010000000110000,M,A,N,0,0000000000000000000,000000000000000,S,O,15,H,3,67,80,2011,8,A,F,34,2,Y,1,null,66,null,null,36,1,4,34,2,Y,66,1,null,R,null,253,09O3,05O3,null
02481915,2,2,1,000010000000000000000,M,B,null,null,0000000000000000000,000000000000000,S,O,2,I,2,23,81,2005,5,null,M,null,1,null,1,null,null,null,null,null,null,null,null,null,null,null,null,null,null,null,063,12O3,03O3,null
02118395,2,1,2,000000000100000000000,S,W,Y,1,0000000000000000000,000000000000000,S,R,5,C,null,null,null,null,3,4,M,48,1,2,1,2,null,null,null,null,null,null,null,null,null,null,null,null,null,null,623,13C3,12C3,null
03624471,1,1,1,000000000000100000000,S,W,null,null,0000000000000000000,000000000000000,M,R,2,O,null,null,null,null,5,6,M,64,2,1,2,null,null,null,null,null,null,null,null,null,null,null,null,null,null,null,333,06U3,07U3,null
02329775,1,1,1,000000000000000100000,S,W,null,null,0000000000000000000,000000000000000,S,O,3,A,null,null,null,null,8,4,M,68,3,1,3,1,null,null,null,null,null,null,null,null,null,null,null,null,V,null,513,10R3,10R3,null
02010257,3,2,2,000000100100000000000,A,H,Y,1,0000000000000000100,000000000000100,S,R,7,G,3,17,80,2005,4,7,M,40,1,null,null,5,40,1,null,null,null,null,null,null,null,null,null,null,null,D,173,01C3,01C3,null
03333352,null,null,1,000000100000000000000,null,W,null,null,0000000000000000000,000000000000000,S,null,null,I,null,null,null,null,2,null,M,40,1,null,null,null,null,null,null,null,null,null,null,null,null,null,null,null,D,D,153,09O3,06R3,null
02423758,6,5,3,100010000110000000000,M,W,Y,1,0000000000000000000,000000000000000,S,O,15,C,3,15,78,2013,7,A,F,28,1,1,2,1,52,2,1,54,1,null,28,1,1,20,1,null,V,D,193,08O3,06R3,null
03078434,4,2,3,000000010000000000100,M,W,Y,2,1000000000001000000,001000000001000,S,O,6,F,null,null,null,null,7,7,F,40,2,J,2,7,82,null,null,null,null,null,null,null,null,null,null,null,null,null,273,05C3,07U3,1
02294939,1,1,1,000000000010000000000,S,B,N,0,0000000000000000000,000000000000000,M,O,2,B,null,null,null,null,4,1,F,44,1,1,1,1,null,null,null,null,null,null,null,null,null,null,null,null,D,D,693,04C3,12C3,null
03583743,3,2,3,000000000010000100000,A,W,Y,1,0000000000000000000,000000000000000,S,O,5,O,null,null,null,null,8,C,M,74,null,null,null,null,74,null,null,null,null,null,null,null,null,null,null,null,null,null,043,08O3,02O3,null
03756604,1,1,1,000010000000000000000,null,B,null,null,0000000000000000000,000000000000000,M,null,1,B,1,91,25,2007,2,3,F,32,1,5,1,null,null,null,null,null,null,null,null,null,null,null,null,null,null,D,593,13C3,11C3,null
03938198,2,2,1,000000100000000000000,S,W,null,null,0000000000000000000,000000000000000,S,O,2,M,1,15,88,2006,5,8,M,38,1,null,null,null,null,null,null,null,null,null,null,null,null,null,null,null,null,D,083,09O3,05O3,null
03882545,3,2,2,000000000000010000000,M,W,Y,1,0000000000000000000,000000000000000,S,null,null,F,2,33,05,2010,5,null,F,60,1,Z,null,null,null,null,null,null,null,null,null,null,null,null,null,null,R,R,383,05C3,08C3,null
03215608,4,2,2,100010000000000000000,null,W,Y,2,0100000100000000000,001000001000000,S,R,null,F,3,93,40,2000,1,7,F,94,1,null,null,null,20,null,null,null,null,null,null,null,null,null,null,null,null,null,213,08O3,03O3,null
02265786,4,3,2,000000000100010000000,A,W,Y,1,0000000000000000100,000000000000001,S,O,8,O,3,33,05,2012,8,A,M,46,2,1,2,1,56,1,null,null,null,null,null,null,null,null,null,null,D,V,013,01C3,01C3,null
03524926,null,null,null,000000000000000000000,null,W,null,null,0000000000000000000,000000000000000,S,null,null,C,1,23,73,2011,4,null,F,null,null,null,null,null,null,null,null,null,null,null,null,null,null,null,null,null,null,null,653,10R3,10R3,null
04017578,3,3,2,000000010000110000000,M,W,N,0,0000000000000000000,000000000000000,S,O,15,H,3,45,35,2009,7,7,M,62,1,4,1,4,58,1,2,36,null,null,null,null,null,null,null,null,null,null,153,09O3,06R3,1
02958891,4,4,2,000000110000000110000,M,W,N,0,0000000000000000000,000000000000000,S,O,2,G,3,27,39,2005,6,4,F,38,2,1,2,1,68,2,1,34,1,null,38,2,1,null,null,null,V,V,513,10R3,10R3,null
02217315,2,2,1,000000000000000000110,M,W,N,0,0000000000000000000,000000000000000,S,O,4,D,2,67,78,2010,6,4,F,80,3,8,3,8,80,3,8,null,null,null,null,null,null,null,null,null,D,null,493,07C3,04C3,1
02681428,3,2,2,000000000000010000000,S,W,Y,1,0000000000000000000,000000000000000,S,O,2,E,2,33,10,2007,6,2,F,56,1,Z,1,Z,null,null,null,null,null,null,null,null,null,null,null,null,null,null,533,04C3,08C3,null
03482355,5,3,3,000000110010100010000,M,W,Y,2,0000000100001000000,000000001001000,S,O,15,G,3,15,84,2012,5,3,F,66,2,1,1,1,42,1,null,52,null,null,62,null,null,66,1,1,null,null,373,05C3,08C3,1
03471022,1,1,2,000000010000000000000,B,W,null,null,0000000000000000000,000000000000000,S,null,null,F,1,23,39,1999,2,null,F,40,1,7,null,7,null,null,null,null,null,null,null,null,null,null,null,null,V,V,623,13C3,12C3,null
03714805,1,1,null,000000000000000000000,null,W,null,null,0000000000000000000,000000000000000,S,null,null,E,1,47,08,2014,null,null,M,null,1,null,null,null,null,null,null,null,null,null,null,null,null,null,null,null,null,null,633,13C3,12C3,null
02716564,2,2,1,000000000000000110000,S,W,null,null,0000000000000000000,000000000000000,S,O,15,E,3,27,65,2010,6,9,F,68,null,5,null,4,68,null,5,null,null,null,null,null,null,null,null,null,null,null,253,09O3,05O3,null
02681758,4,4,2,110000000110000000000,M,W,N,0,0000000000000000000,000000000000000,S,O,15,D,3,27,27,2007,6,5,M,20,1,null,2,2,52,1,7,20,1,null,22,2,null,null,null,null,null,V,403,10R3,10R3,1
03096319,1,1,1,000010000000000000000,S,W,N,0,0000000000000000000,000000000000000,M,R,10,D,1,75,28,2007,2,2,F,32,1,6,1,6,null,null,null,null,null,null,null,null,null,null,null,null,V,V,593,13C3,11C3,null
01589540,3,3,1,000000000110000000000,S,W,null,null,0000000000000000000,000000000000000,S,O,2,H,1,93,70,2012,7,7,M,52,null,1,null,null,52,null,null,52,null,null,null,null,null,null,null,null,D,V,143,01C3,01C3,null
03839733,1,1,null,000000000000000000000,null,W,null,null,0000000000000000000,000000000000000,null,null,null,F,null,null,null,null,null,null,M,48,1,5,null,null,null,null,null,null,null,null,null,null,null,null,null,null,null,V,573,03C3,11C3,null
02878358,4,2,2,000000000110000000000,M,W,Y,2,0000000000000000000,000000000000000,S,O,1,O,null,null,null,null,8,B,M,54,3,1,1,1,44,1,null,null,null,null,null,null,null,null,null,null,null,null,013,01C3,01C3,null
02271429,4,3,2,000000110000000000000,S,W,Y,1,0000000000000000000,000000000000000,S,null,7,F,1,27,78,2004,2,8,M,40,null,null,null,null,40,1,null,40,null,null,null,null,null,null,null,null,null,null,133,05C3,07U3,null
02168912,1,1,1,000000000000100000000,S,W,null,null,0000000000000000000,000000000000000,S,O,null,E,null,null,null,null,6,1,M,78,null,5,null,null,null,null,null,null,null,null,null,null,null,null,null,null,V,V,543,10R3,10R3,null
01581277,3,2,2,000000000000010000000,S,W,Y,1,0000000000000000000,000000000000000,S,R,8,I,3,31,60,2005,4,8,F,54,2,4,2,4,null,null,null,null,null,null,null,null,null,null,null,null,D,D,133,05C3,07U3,null
02124581,3,2,2,000110000000000000000,M,W,Y,1,0000000000000000000,000000000000000,S,O,7,C,2,15,78,2007,5,7,M,34,1,1,1,null,30,1,null,null,null,null,null,null,null,null,null,null,null,null,273,05C3,07U3,null
02000401,2,2,1,000000000110000000000,A,W,null,null,0000000000000000000,000000000000000,S,O,11,F,2,41,10,2005,7,B,F,50,null,1,null,1,50,null,1,null,null,null,null,null,null,null,null,null,V,null,053,09O3,02O3,1
02698824,3,2,2,000000000000000010100,M,W,Y,1,0000000000000000000,000000000000000,S,O,15,C,1,15,06,2012,6,5,M,74,null,null,null,null,72,1,7,null,null,null,null,null,null,null,null,null,D,D,363,07C3,04C3,null
02095256,4,3,2,000000000000000110000,M,W,Y,1,0000000000000000000,000000000000000,S,O,2,K,1,91,03,2007,8,4,M,72,2,4,2,4,66,2,Y,null,null,null,null,null,null,null,null,null,R,R,363,07C3,04C3,null
02964463,3,3,2,100000000110000000000,S,W,null,null,0000000000000000000,000000000000000,S,null,null,D,null,null,null,null,4,D,F,50,2,2,2,4,50,null,null,20,1,null,null,null,null,null,null,null,D,D,263,06U3,07U3,null
03135065,7,6,3,010010110000110000000,M,B,Y,1,0100000000000000000,001000000000000,S,O,1,D,3,15,78,2005,6,5,F,22,2,null,2,3,62,2,1,38,2,null,34,2,3,32,3,2,D,D,383,05C3,08C3,1
03597683,1,1,null,000000000000000000000,null,W,null,null,0000000000000000000,000000000000000,S,O,14,F,1,23,54,1996,7,8,M,62,null,null,null,null,null,null,null,null,null,null,null,null,null,null,null,null,null,D,283,07C3,04C3,null
03126404,1,1,null,000000000000000000000,null,W,null,null,0000000000000000000,000000000000000,S,null,null,E,1,15,78,2003,null,null,M,null,null,null,null,null,null,null,null,null,null,null,null,null,null,null,null,null,null,null,653,10R3,10R3,null
02307615,2,2,1,000000000000000000110,M,W,N,0,0000000000000000000,000000000000000,S,O,15,N,3,51,47,2013,8,B,F,74,2,8,2,1,74,2,8,null,null,null,null,null,null,null,null,null,D,R,023,01C3,01C3,null
03493239,3,2,3,000000010100000000000,M,W,Y,1,0000000000000000000,000000000000000,S,O,11,F,3,15,84,2012,7,7,M,52,2,5,2,5,34,2,5,null,null,null,null,null,null,null,null,null,null,null,173,01C3,01C3,null
00089796,2,2,1,000000000010010000000,A,W,N,0,0000000000000000000,000000000000000,S,O,13,J,null,null,null,null,7,8,F,46,1,5,1,5,46,1,5,null,null,null,null,null,null,null,null,null,null,D,083,09O3,05O3,1
02602267,1,1,1,000000100000000000000,S,W,null,null,0000000000000000000,000000000000000,M,null,11,D,1,63,05,2010,2,5,M,40,null,1,null,null,null,null,null,null,null,null,null,null,null,null,null,null,null,null,523,13C3,08C3,null
03215826,2,2,1,000000100000000000000,M,W,null,null,0000000000000000000,000000000000000,S,O,3,D,3,23,39,1997,5,null,M,34,null,null,null,null,null,null,null,null,null,null,null,null,null,null,null,null,null,D,343,12O3,09C3,null
00120019,2,2,1,000000000000000110000,A,W,N,0,0000000000000000000,000000000000000,S,O,15,I,3,31,70,2012,8,A,M,70,1,4,1,4,66,1,Y,null,null,null,null,null,null,null,null,null,null,null,093,07C3,04C3,1
02605407,3,2,2,000000000000110000000,S,W,Y,1,0000000000000100000,000000000001000,S,O,15,C,3,27,83,2008,6,3,M,64,2,1,2,1,60,1,4,null,null,null,null,null,null,null,null,null,null,null,533,04C3,08C3,null
02690727,4,4,1,000000000000000000110,M,W,N,0,0000000000000000000,000000000000000,S,O,15,E,3,33,15,2013,6,4,M,84,2,V,2,V,82,1,7,84,1,null,82,1,null,null,null,null,null,null,493,07C3,04C3,1
03967777,2,1,2,000000000000000000000,B,W,Y,1,0000000000000000000,000000000000000,M,null,14,L,null,null,null,null,7,A,M,52,3,Y,null,null,null,null,null,null,null,null,null,null,null,null,null,null,null,D,363,07C3,04C3,null
03547576,3,3,1,000000000000010100000,M,W,N,0,0000000000000000000,000000000000000,S,O,15,E,3,31,70,2012,6,8,F,64,1,null,1,8,60,1,null,64,1,null,null,null,null,null,null,null,D,V,253,09O3,05O3,1
02843553,2,2,1,000000000000000010000,M,W,null,null,0000000000000000000,000000000000000,S,O,2,I,null,null,null,null,8,D,F,70,2,Y,2,Y,null,null,null,null,null,null,null,null,null,null,null,null,V,V,053,09O3,02O3,1
03964030,1,1,1,000000000000000100000,B,W,null,null,0000000000000000000,000000000000000,M,O,4,S,1,57,80,2013,9,null,M,68,3,Y,null,null,null,null,null,null,null,null,null,null,null,null,null,null,R,V,023,01C3,01C3,null
02340833,1,1,1,000000000000000000010,S,W,N,0,0000000000000000000,000000000000000,S,O,4,M,null,null,null,null,8,5,M,null,1,null,2,8,null,null,null,null,null,null,null,null,null,null,null,null,D,null,093,07C3,04C3,null
01446482,3,3,2,000000010000110000000,M,W,N,0,0000000000000000000,000000000000000,S,O,15,G,3,09,05,2011,7,C,F,34,1,null,3,1,62,2,V,34,1,null,null,null,null,null,null,null,V,V,053,09O3,02O3,null
02948101,2,2,null,000000000000000000000,null,W,null,null,0000000000000000000,000000000000000,M,null,null,G,null,null,null,null,null,null,M,84,null,9,null,null,null,null,null,null,null,null,null,null,null,null,null,null,null,null,643,10R3,10R3,null
03118528,5,2,2,000000110000000000000,M,W,Y,3,0010000000010010000,001000000001000,S,O,7,G,1,23,82,2007,4,4,F,36,1,5,null,null,36,1,null,36,null,null,null,null,null,null,null,null,V,D,483,11R3,09C3,null
00064435,2,2,2,000000100000100000000,A,W,N,0,0000000000000000000,000000000000000,S,O,12,D,null,null,null,null,5,9,M,34,1,null,1,null,60,null,null,null,null,null,null,null,null,null,null,null,null,D,343,12O3,09C3,1
03996447,1,1,1,000000000010000000000,S,W,N,0,0000000000000000000,000000000000000,S,O,11,G,null,null,null,null,7,5,F,54,1,4,1,4,null,null,null,null,null,null,null,null,null,null,null,null,D,D,433,02C3,08C3,1
02851758,8,5,3,010010000110000010000,M,W,Y,3,0000000000000000010,000000000000100,S,O,15,D,3,15,78,2000,6,2,M,52,null,null,null,null,46,null,null,26,1,null,74,null,null,22,1,null,R,R,383,05C3,08C3,1
02656472,4,4,2,000000100100000010000,M,W,N,0,0000000000000000000,000000000000000,S,O,4,C,1,15,12,1996,6,2,M,48,1,2,2,2,48,1,2,42,1,5,66,1,7,null,null,null,null,D,553,10R3,12C3,1
01491839,5,5,2,000000110000110000000,M,W,null,null,0000000000000000000,000000000000000,S,O,11,F,2,45,35,2012,6,7,F,34,1,5,null,null,56,1,5,36,null,null,34,1,5,34,1,5,null,V,233,09O3,05O3,null
03193102,4,4,2,010000000000010110000,M,W,N,0,0000000000000000000,000000000000000,S,O,1,C,3,27,84,2001,6,5,F,20,1,null,1,3,66,1,null,60,3,4,20,1,null,20,1,null,null,null,503,10R3,10R3,null
02087678,4,4,2,000000000000110000000,A,W,N,0,0000000000000000000,000000000000000,S,O,15,M,3,27,65,2012,6,D,M,82,2,2,2,null,58,2,null,null,null,null,null,null,null,null,null,null,R,R,073,08O3,02O3,1
03663003,1,1,null,000000000000000000000,null,W,null,null,0000000000000000000,000000000000000,S,null,null,O,null,null,null,null,null,null,M,null,null,null,null,null,null,null,null,null,null,null,null,null,null,null,null,null,null,null,553,10R3,12C3,null
03952113,5,5,2,000000100010000010100,M,W,N,0,0000000000000000000,000000000000000,S,O,14,M,1,13,65,2007,9,A,M,38,3,null,1,1,74,1,8,38,1,null,38,1,null,52,2,null,R,D,023,01C3,01C3,1
03017854,1,1,null,000000000000000000000,B,B,null,null,0000000000000000000,000000000000000,S,null,null,B,null,null,null,null,null,3,M,28,1,null,null,null,null,null,null,null,null,null,null,null,null,null,null,null,null,V,583,11R3,09C3,null
03795650,3,2,2,000000000110000000000,M,W,Y,1,0000000000000010000,000000000001000,S,O,15,I,null,null,null,null,7,9,M,50,1,5,1,5,46,1,5,null,null,null,null,null,null,null,null,null,null,null,133,05C3,07U3,null
00378864,4,4,2,000100000000110000000,M,W,null,null,0000000000000000000,000000000000000,S,O,15,I,2,null,null,null,7,D,F,56,2,4,null,null,56,null,null,32,null,null,null,null,null,null,null,null,null,R,053,09O3,02O3,null
03541401,2,1,2,000000000000100000000,S,W,Y,1,0000000000000000000,000000000000000,M,null,null,D,null,null,null,null,5,4,M,60,null,null,null,null,null,null,null,null,null,null,null,null,null,null,null,null,null,null,473,11R3,09C3,null
03528525,2,1,2,000000000010000000000,S,W,Y,1,0000000000000000000,000000000000000,S,R,2,E,null,null,null,null,4,null,F,50,2,Y,2,4,null,null,null,null,null,null,null,null,null,null,null,null,null,null,623,13C3,12C3,null
02023256,3,2,3,000000010000100000000,A,H,Y,1,0000000000000000000,000000000000000,S,O,1,E,null,null,null,null,6,5,F,36,1,5,1,5,36,1,5,null,null,null,null,null,null,null,null,null,null,null,383,05C3,08C3,null
02869355,2,2,1,000000000000000110000,M,W,N,0,0000000000000000000,000000000000000,S,O,6,C,1,33,35,2013,6,7,F,68,1,7,null,1,68,1,7,null,null,null,null,null,null,null,null,null,null,D,253,09O3,05O3,1
01319371,3,2,2,000000000000000110000,A,W,Y,1,0000000000000000000,000000000000000,S,O,10,C,3,91,57,2008,8,B,F,70,1,1,3,9,70,1,1,null,null,null,null,null,null,null,null,null,null,null,173,01C3,01C3,null
03598541,2,2,2,000000000000100010000,M,A,N,0,0000000000000000000,000000000000000,S,O,15,Q,1,01,20,2010,8,D,M,56,2,4,2,4,66,2,1,null,null,null,null,null,null,null,null,null,D,D,013,01C3,01C3,null
